"Refs","Value","Footprint","Qty","DNP"
"C1","1uF","Capacitor_SMD:C_0402_1005Metric","1",""
"C2","100uF","Capacitor_SMD:C_0805_2012Metric","1",""
"C3","100uF","Capacitor_SMD:C_0805_2012Metric","1",""
"C4","22uF","Capacitor_SMD:C_0603_1608Metric","1",""
"C5","22uF","Capacitor_SMD:C_0603_1608Metric","1",""
"C6","100nF","Capacitor_SMD:C_0402_1005Metric","1",""
"C7","22pF","Capacitor_SMD:C_0402_1005Metric","1",""
"C8","100nF","Capacitor_SMD:C_0402_1005Metric","1",""
"C9","1uF","Capacitor_SMD:C_0402_1005Metric","1",""
"C10","1uF","Capacitor_SMD:C_0402_1005Metric","1",""
"C11","1uF","Capacitor_SMD:C_0402_1005Metric","1",""
"C12","DNP_SHUNT","Capacitor_SMD:C_0402_1005Metric","1","true"
"C13","DNP_SHUNT","Capacitor_SMD:C_0402_1005Metric","1","true"
"C14","DNP_SHUNT","Capacitor_SMD:C_0402_1005Metric","1","true"
"C15","DNP_SHUNT","Capacitor_SMD:C_0402_1005Metric","1","true"
"C16","100uF","Capacitor_SMD:C_0805_2012Metric","1",""
"D1","ESDA6V1","Package_TO_SOT_SMD:SOT-666","1",""
"D2","TVS_PESDHC2FD4V5B","Diode_SMD:D_SOD-882","1",""
"D3","USBLC6-2P6","Package_TO_SOT_SMD:SOT-23-6","1",""
"D4","TVS_LOWCAP_ANT","Diode_SMD:D_0402_1005Metric","1","true"
"J1","USB-C-16P","Connector_USB:USB_C_Receptacle_HCTL_HC-TYPE-C-16P-01A","1",""
"J2","NanoSIM","sim7070g_imu_batt:NanoSIM_GCT_SIM8060-6-1","1",""
"J3","U.FL_LTE","Connector_Coaxial:U.FL_Hirose_U.FL-R-SMT-1_Vertical","1",""
"J4","U.FL_GNSS","Connector_Coaxial:U.FL_Hirose_U.FL-R-SMT-1_Vertical","1",""
"J5","BAT_SOLDER_PADS","sim7070g_imu_batt:BAT_SolderPads","1",""
"L1","2.2uH","Inductor_SMD:L_1008_2520Metric","1",""
"R1","180k","Resistor_SMD:R_0402_1005Metric","1",""
"R2","5.1k","Resistor_SMD:R_0402_1005Metric","1",""
"R3","5.1k","Resistor_SMD:R_0402_1005Metric","1",""
"R4","1k","Resistor_SMD:R_0402_1005Metric","1",""
"R5","1k","Resistor_SMD:R_0402_1005Metric","1",""
"R6","10k","Resistor_SMD:R_0402_1005Metric","1",""
"R7","0R_JMP_GND","Resistor_SMD:R_0402_1005Metric","1","true"
"R8","0R","Resistor_SMD:R_0402_1005Metric","1",""
"R9","0R","Resistor_SMD:R_0402_1005Metric","1",""
"R10","0R","Resistor_SMD:R_0402_1005Metric","1","true"
"R11","0R","Resistor_SMD:R_0402_1005Metric","1","true"
"R12","0R","Resistor_SMD:R_0603_1608Metric","1",""
"R13","10k","Resistor_SMD:R_0402_1005Metric","1",""
"RT1","NTC_10k_B3380","Resistor_SMD:R_0402_1005Metric","1","true"
"TP1","TP_PWRKEY","TestPoint:TestPoint_Pad_D1.5mm","1",""
"TP2","TP_UART1_TXD","TestPoint:TestPoint_Pad_D1.5mm","1",""
"TP3","TP_UART1_RXD","TestPoint:TestPoint_Pad_D1.5mm","1",""
"TP4","TP_DEBUG_TXD","TestPoint:TestPoint_Pad_D1.5mm","1",""
"TP5","TP_DEBUG_RXD","TestPoint:TestPoint_Pad_D1.5mm","1",""
"TP6","TP_STATUS","TestPoint:TestPoint_Pad_D1.5mm","1",""
"TP7","TP_CHG_STAT","TestPoint:TestPoint_Pad_D1.5mm","1",""
"TP8","TP_VDD_EXT","TestPoint:TestPoint_Pad_D1.5mm","1",""
"U1","SIM7070G","sim7070g_imu_batt:SIM7070G_LCC_LGA68","1",""
"U2","ETA6095","Package_DFN_QFN:DFN-8-1EP_2x3mm_P0.5mm_EP0.61x2.2mm","1",""
"U3","LSM6DSV16X","sim7070g_imu_batt:LSM6DSV16X_LGA14","1",""
"U4","NanoIq_LDO_2V5","Package_TO_SOT_SMD:SOT-23-5","1",""
"U6","MAX17048_DNP","Package_DFN_QFN:DFN-8-1EP_3x3mm_P0.5mm_EP1.65x2.38mm","1","true"
